<?xml version="1.0" encoding="UTF-8"?>
<LightningComponentBundle xmlns="http://soap.sforce.com/2006/04/metadata">
    <apiVersion>51.0</apiVersion>
    <isExposed>true</isExposed>
    <masterLabel>(DEPRECATED) Article Rating and Feedback</masterLabel>
    <description>This component will be deprecated in the next release (v1.14). Please remove it from your pages and use the new Article Rating and Feedback component instead (afl_ArticleFeedbackForm).</description>
    <targets>
        <target>lightning__RecordPage</target>
        <target>lightningCommunity__Page</target>
        <target>lightningCommunity__Default</target>
    </targets>
    <targetConfigs>
        <targetConfig targets="lightning__RecordPage">
            <property name="alwaysDisplayFeedbackDescription" type="Boolean" label="Always display feedback section" default="true"/>
            <property name="ratingRequired" type="Boolean" label="Make rating required" default="true"/>
            <property name="descriptionRequired" type="Boolean" label="Require written feedback with negative rating" default="true" />
            <property name="displayFileAttachmentSection" type="Boolean" label="Display File Attachment section" default="true" />
        </targetConfig>
        <targetConfig targets="lightningCommunity__Default">
            <property name="alwaysDisplayFeedbackDescription" type="Boolean" label="Always display feedback section" default="true"/>
            <property name="ratingRequired" type="Boolean" label="Make rating required" default="true"/>
            <property name="descriptionRequired" type="Boolean" label="Require written feedback with negative rating" default="true"/>
            <property name="recordId" type="String" label="Record Id" description="This field needs to remain with the following value: {!recordId}. It is needed to automatically detect record Ids in communities." default="{!recordId}" />
            <property name="displayFileAttachmentSection" type="Boolean" label="Display File Attachment section" default="true" />
        </targetConfig>
    </targetConfigs>
</LightningComponentBundle>