<?xml version="1.0" encoding="UTF-8"?>
<LightningComponentBundle xmlns="http://soap.sforce.com/2006/04/metadata">
    <apiVersion>55.0</apiVersion>
    <isExposed>true</isExposed>
    <masterLabel>Article Thumbs Up or Down</masterLabel>
    <description>Flow Screen component used for rating knowledge articles</description>
    <targets>
        <target>lightning__FlowScreen</target>
    </targets>
    <targetConfigs>
        <targetConfig targets="lightning__FlowScreen">
            <property name="recordId" label="recordId" type="String" role="inputOnly" description="Used to automatically detect the record Id. If configured in App Builder, use the value: {!Record.Id}. If configured in Experience Builder, use the value: {!recordId}." />
            <property name="controllingFieldValue" label="Controlling Field Value" type="Boolean"  description="Stores the Up/Down vote"/>
            <property name="dependentFieldValue" label="Dependent Field Value" type="String"  description="Stores the feedback reason" />
        </targetConfig>
    </targetConfigs>
</LightningComponentBundle>